Workbook

Sheet Table&Findings
A1: Table 1. Key characteristics of the analyzed bus feeds
A3: Quantity | B3: Value | C3: 95% CI low | D3: 95% CI high | E3: Feeds (n) | F3: Data column
A4: Analyzed feeds | B4: =COUNTA(feed_data_v2!$A$2:$A$1866) -> 1865 | F4: feed_id
A5: Countries | B5: =ROUND(SUMPRODUCT((feed_data_v2!$C$2:$C$1866<>"")/COUNTIF(feed_data_v2!$C$2:$C$1866,feed_data_v2!$C$2:$C$1866&"")),0) -> 78 | F5: country
A6: i) Resolution
A7: Feeds with at least 95% of inter-stop travel times on a whole minute | B7: =(COUNTIF(feed_data_v2!$I$2:$I$1866,">=0.95"))/E7 -> 0.63270777 | C7: =MAX(0,B7-1.96*SQRT(B7*(1-B7)/E7)) -> 0.61082894 | D7: =MIN(1,B7+1.96*SQRT(B7*(1-B7)/E7)) -> 0.65458661 | E7: =COUNT(feed_data_v2!$I$2:$I$1866) -> 1865 | F7: share_travel_times_whole_minute
A8: Feeds with fewer than 5% of inter-stop travel times on a whole minute | B8: =(COUNTIF(feed_data_v2!$I$2:$I$1866,"<0.05"))/E8 -> 0.20857909 | C8: =MAX(0,B8-1.96*SQRT(B8*(1-B8)/E8)) -> 0.19013931 | D8: =MIN(1,B8+1.96*SQRT(B8*(1-B8)/E8)) -> 0.22701887 | E8: =COUNT(feed_data_v2!$I$2:$I$1866) -> 1865 | F8: share_travel_times_whole_minute
A9: Feeds with at least 95% of stop times on a whole minute | B9: =(COUNTIF(feed_data_v2!$J$2:$J$1866,">=0.95"))/E9 -> 0.63753351 | C9: =MAX(0,B9-1.96*SQRT(B9*(1-B9)/E9)) -> 0.61571616 | D9: =MIN(1,B9+1.96*SQRT(B9*(1-B9)/E9)) -> 0.65935087 | E9: =COUNT(feed_data_v2!$J$2:$J$1866) -> 1865 | F9: share_stop_times_whole_minute
A10: Median feed: share of stop times on a whole minute | B10: =MEDIAN(feed_data_v2!$J$2:$J$1866) -> 1 | E10: =COUNT(feed_data_v2!$J$2:$J$1866) -> 1865 | F10: share_stop_times_whole_minute
A11: ii) Interpolation
A12: Feeds that populate the timepoint field | B12: =COUNTIF(feed_data_v2!$K$2:$K$1866,"declared") -> 760 | E12: =COUNTA(feed_data_v2!$A$2:$A$1866) -> 1865 | F12: timepoint_status
A13: Median share of stop times flagged approximate | B13: =MEDIAN(feed_data_v2!$L$2:$L$1866) -> 0.79299647 | C13: =SMALL(feed_data_v2!$L$2:$L$1866,MAX(1,FLOOR(E13/2-1.96*SQRT(E13)/2,1))) -> 0.77919217 | D13: =SMALL(feed_data_v2!$L$2:$L$1866,MIN(E13,CEILING(E13/2+1.96*SQRT(E13)/2,1))) -> 0.8042623 | E13: =COUNT(feed_data_v2!$L$2:$L$1866) -> 760 | F13: approximate_share
A14: Median share of testable approximate times on the interpolation line (lower bound) | B14: =MEDIAN(feed_data_v2!$Q$2:$Q$1866) -> 0.42297405 | C14: =SMALL(feed_data_v2!$Q$2:$Q$1866,MAX(1,FLOOR(E14/2-1.96*SQRT(E14)/2,1))) -> 0.30888769 | D14: =SMALL(feed_data_v2!$Q$2:$Q$1866,MIN(E14,CEILING(E14/2+1.96*SQRT(E14)/2,1))) -> 0.5854792 | E14: =COUNT(feed_data_v2!$Q$2:$Q$1866) -> 444 | F14: share_approx_on_line
A15: Median share of testable exact timepoints on the interpolation line | B15: =MEDIAN(feed_data_v2!$S$2:$S$1866) -> 0.0047231512 | C15: =SMALL(feed_data_v2!$S$2:$S$1866,MAX(1,FLOOR(E15/2-1.96*SQRT(E15)/2,1))) -> 0 | D15: =SMALL(feed_data_v2!$S$2:$S$1866,MIN(E15,CEILING(E15/2+1.96*SQRT(E15)/2,1))) -> 0.032223416 | E15: =COUNT(feed_data_v2!$S$2:$S$1866) -> 118 | F15: share_timepoints_on_line
A16: Feeds with most stop times flagged approximate and at least 95% of them on whole minutes | B16: =(COUNTIFS(feed_data_v2!$L$2:$L$1866,">0.5",feed_data_v2!$N$2:$N$1866,">=0.95"))/E16 -> 0.28026316 | C16: =MAX(0,B16-1.96*SQRT(B16*(1-B16)/E16)) -> 0.24833167 | D16: =MIN(1,B16+1.96*SQRT(B16*(1-B16)/E16)) -> 0.31219465 | E16: =COUNTIF(feed_data_v2!$K$2:$K$1866,"declared") -> 760 | F16: approximate_share, share_approx_whole_minute
A17: Correlation of sub-minute precision with approximate share | B17: {=CORREL(1-feed_data_v2!$J$2:$J$1866,feed_data_v2!$L$2:$L$1866)} -> 0.3850241 | E17: =COUNT(feed_data_v2!$L$2:$L$1866) -> 760 | F17: share_stop_times_whole_minute, approximate_share
A18: iii) Time of day (peaks 07:00-09:00 and 16:00-18:00, midday 10:00-14:00)
A19: Median increase in scheduled bus travel time, peaks over midday | B19: {=MEDIAN(IF(feed_data_v2!$Z$2:$Z$1866>=20,feed_data_v2!$AA$2:$AA$1866))} -> 0.0014465411 | C19: {=SMALL(IF(feed_data_v2!$Z$2:$Z$1866>=20,feed_data_v2!$AA$2:$AA$1866),MAX(1,FLOOR(E19/2-1.96*SQRT(E19)/2,1)))} -> 0.00062025611 | D19: {=SMALL(IF(feed_data_v2!$Z$2:$Z$1866>=20,feed_data_v2!$AA$2:$AA$1866),MIN(E19,CEILING(E19/2+1.96*SQRT(E19)/2,1)))} -> 0.0023021355 | E19: =COUNTIFS(feed_data_v2!$Z$2:$Z$1866,">=20") -> 1546 | F19: bus_peak_midday_increase, feeds with n_bus_peak_midday_segments >= 20
A20: Feeds whose peak and midday bus travel times differ by less than 2% | B20: =(COUNTIFS(feed_data_v2!$Z$2:$Z$1866,">=20",feed_data_v2!$AA$2:$AA$1866,">-0.02",feed_data_v2!$AA$2:$AA$1866,"<0.02"))/E20 -> 0.68111255 | C20: =MAX(0,B20-1.96*SQRT(B20*(1-B20)/E20)) -> 0.65788093 | D20: =MIN(1,B20+1.96*SQRT(B20*(1-B20)/E20)) -> 0.70434417 | E20: =COUNTIF(feed_data_v2!$Z$2:$Z$1866,">=20") -> 1546 | F20: bus_peak_midday_increase, feeds with n_bus_peak_midday_segments >= 20
A21: Feeds with a segregated mode: median bus increase | B21: {=MEDIAN(IF(feed_data_v2!$AF$2:$AF$1866=TRUE,feed_data_v2!$AA$2:$AA$1866))} -> 0.018773086 | C21: {=SMALL(IF(feed_data_v2!$AF$2:$AF$1866=TRUE,feed_data_v2!$AA$2:$AA$1866),MAX(1,FLOOR(E21/2-1.96*SQRT(E21)/2,1)))} -> 0.011999512 | D21: {=SMALL(IF(feed_data_v2!$AF$2:$AF$1866=TRUE,feed_data_v2!$AA$2:$AA$1866),MIN(E21,CEILING(E21/2+1.96*SQRT(E21)/2,1)))} -> 0.026477033 | E21: =COUNTIFS(feed_data_v2!$AF$2:$AF$1866,TRUE) -> 203 | F21: bus_peak_midday_increase, feeds with has_peak_midday_baseline
A22: Feeds with a segregated mode: median segregated-mode increase | B22: {=MEDIAN(IF(feed_data_v2!$AF$2:$AF$1866=TRUE,feed_data_v2!$AG$2:$AG$1866))} -> 0.00067069081 | C22: {=SMALL(IF(feed_data_v2!$AF$2:$AF$1866=TRUE,feed_data_v2!$AG$2:$AG$1866),MAX(1,FLOOR(E22/2-1.96*SQRT(E22)/2,1)))} -> 0 | D22: {=SMALL(IF(feed_data_v2!$AF$2:$AF$1866=TRUE,feed_data_v2!$AG$2:$AG$1866),MIN(E22,CEILING(E22/2+1.96*SQRT(E22)/2,1)))} -> 0.00229909 | E22: =COUNTIFS(feed_data_v2!$AF$2:$AF$1866,TRUE) -> 203 | F22: segregated_peak_midday_increase, feeds with has_peak_midday_baseline
A23: Feeds with a segregated mode: bus increase larger than segregated-mode increase | B23: =COUNTIFS(feed_data_v2!$AF$2:$AF$1866,TRUE,feed_data_v2!$AI$2:$AI$1866,TRUE) -> 151 | E23: =COUNTIF(feed_data_v2!$AF$2:$AF$1866,TRUE) -> 203 | F23: bus_peak_midday_exceeds_control
A25: Findings:
A26: Timepoint feeds with at least 95% of exact timepoints on a whole minute (Findings para 2) | B26: =COUNTIF(feed_data_v2!$M$2:$M$1866,">=0.95")/E26 -> 0.93684211 | E26: =COUNT(feed_data_v2!$M$2:$M$1866) -> 760 | F26: share_timepoints_whole_minute
A27: Median share of approximate stop times on a whole minute (Findings para 2) | B27: =MEDIAN(feed_data_v2!$N$2:$N$1866) -> 0.10753277 | E27: =COUNT(feed_data_v2!$N$2:$N$1866) -> 712 | F27: share_approx_whole_minute
A28: Feeds with testable approximate times (Findings para 2) | B28: =COUNTIF(feed_data_v2!$P$2:$P$1866,">0") -> 444 | F28: n_approx_testable
A29: Feeds with at least 90% of testable times on the line (Findings para 2) | B29: =COUNTIF(feed_data_v2!$Q$2:$Q$1866,">=0.9") -> 160 | E29: =COUNTIF(feed_data_v2!$P$2:$P$1866,">0") -> 444 | F29: share_approx_on_line
A30: Feeds with testable exact timepoints (Findings para 2) | B30: =COUNTIF(feed_data_v2!$R$2:$R$1866,">0") -> 118 | F30: n_timepoints_testable
A31: Feeds with most stop times flagged approximate and at least 95% of them on whole minutes (Findings para 2) | B31: =COUNTIFS(feed_data_v2!$L$2:$L$1866,">0.5",feed_data_v2!$N$2:$N$1866,">=0.95") -> 213 | E31: =COUNTIF(feed_data_v2!$K$2:$K$1866,"declared") -> 760 | F31: approximate_share, share_approx_whole_minute
A32: Feeds with at least 20 qualifying segments (Findings para 3) | B32: =COUNTIF(feed_data_v2!$Z$2:$Z$1866,">=20") -> 1546 | F32: n_bus_peak_midday_segments
A33: Feeds with a segregated mode (Findings para 3) | B33: =COUNTIF(feed_data_v2!$AF$2:$AF$1866,TRUE) -> 203 | F33: has_peak_midday_baseline
A34: Feeds with a segregated mode: median bus trips a day (Findings para 3) | B34: {=MEDIAN(IF(feed_data_v2!$AF$2:$AF$1866=TRUE,feed_data_v2!$D$2:$D$1866))} -> 7104 | E34: =COUNTIF(feed_data_v2!$AF$2:$AF$1866,TRUE) -> 203 | F34: n_bus_trips, feeds with has_peak_midday_baseline
A35: All 1,546 feeds: median bus trips a day (Findings para 3) | B35: {=MEDIAN(IF(feed_data_v2!$Z$2:$Z$1866>=20,feed_data_v2!$D$2:$D$1866))} -> 533.5 | E35: =COUNTIF(feed_data_v2!$Z$2:$Z$1866,">=20") -> 1546 | F35: n_bus_trips, feeds with n_bus_peak_midday_segments >= 20
A36: Feeds with a segregated mode: median bus increase per segment, seconds (Findings para 3) | B36: {=MEDIAN(IF(feed_data_v2!$AF$2:$AF$1866=TRUE,feed_data_v2!$AB$2:$AB$1866))} -> 1.8183407 | E36: =COUNTIF(feed_data_v2!$AF$2:$AF$1866,TRUE) -> 203 | F36: bus_peak_midday_s, feeds with has_peak_midday_baseline
A37: Feeds written to the second: median inter-stop travel time, seconds (Findings para 4) | B37: {=MEDIAN(IF(feed_data_v2!$I$2:$I$1866<0.05,feed_data_v2!$G$2:$G$1866))} -> 53 | E37: =COUNTIF(feed_data_v2!$I$2:$I$1866,"<0.05") -> 389 | F37: median_travel_time_s, feeds with share_travel_times_whole_minute < 0.05

Sheet feed_data_v2
A1: feed_id | B1: agency | C1: country | D1: n_bus_trips | E1: n_travel_times | F1: n_distinct_travel_times | G1: median_travel_time_s | H1: temporal_resolution_s | I1: share_travel_times_whole_minute | J1: share_stop_times_whole_minute | K1: timepoint_status | L1: approximate_share | M1: share_timepoints_whole_minute | N1: share_approx_whole_minute | O1: interpolation_basis | P1: n_approx_testable | Q1: share_approx_on_line | R1: n_timepoints_testable | S1: share_timepoints_on_line | T1: n_control_modes | U1: has_control_baseline | V1: bus_peak_to_peak_s | W1: segregated_peak_to_peak_s | X1: bus_exceeds_own_control | Y1: share_blank_stop_times | Z1: n_bus_peak_midday_segments | AA1: bus_peak_midday_increase | AB1: bus_peak_midday_s | AC1: bus_am_midday_increase | AD1: bus_pm_midday_increase | AE1: n_control_modes_peak_midday | AF1: has_peak_midday_baseline | AG1: segregated_peak_midday_increase | AH1: segregated_peak_midday_s | AI1: bus_peak_midday_exceeds_control
A2: jbda-aichi-miyoshicity-sansanbus | B2: みよし市 | C2: JP | D2: 92 | E2: 2831 | F2: 10 | G2: 60 | H2: 60 | I2: 1 | J2: 1 | K2: not_declared | P2: 0 | R2: 0 | T2: 0 | U2: FALSE | Y2: 0 | Z2: 176 | AA2: 0.014906832 | AB2: 1.6363636 | AC2: 0.083333333 | AE2: 0 | AF2: FALSE
A3: jbda-akashicity-tacobustacobusmini | B3: 明石市 | C3: JP | D3: 229 | E3: 4262 | F3: 9 | G3: 60 | H3: 60 | I3: 1 | J3: 1 | K3: not_declared | P3: 0 | R3: 0 | T3: 0 | U3: FALSE | V3: 0 | Y3: 0 | Z3: 261 | AA3: 0.014293635 | AB3: 1.4110564 | AC3: 0.018315018 | AD3: -0.014211886 | AE3: 0 | AF3: FALSE
A4: jbda-anjocity-AnkuruBus | B4: 安城市 | C4: JP | D4: 126 | E4: 2758 | F4: 10 | G4: 60 | H4: 60 | I4: 1 | J4: 1 | K4: not_declared | P4: 0 | R4: 0 | T4: 0 | U4: FALSE | Y4: 0 | Z4: 42 | AA4: 0.012707722 | AB4: 1.547619 | AE4: 0 | AF4: FALSE
A5: jbda-annakacity-annakashi-rosenbus | B5: 安中市 | C5: JP | D5: 58 | E5: 1912 | F5: 5 | G5: 60 | H5: 60 | I5: 1 | J5: 1 | K5: not_declared | P5: 0 | R5: 0 | T5: 0 | U5: FALSE | Y5: 0 | Z5: 120 | AA5: 0 | AB5: 0 | AC5: 0 | AD5: 0 | AE5: 0 | AF5: FALSE
A6: jbda-aoi-komaki-aoikotsu | B6: あおい交通 | C6: JP | D6: 147 | E6: 1948 | F6: 13 | G6: 120 | H6: 60 | I6: 1 | J6: 1 | K6: not_declared | P6: 0 | R6: 0 | T6: 0 | U6: FALSE | V6: 12.976744 | Y6: 0 | Z6: 43 | AA6: 0.066148776 | AB6: 10.891473 | AC6: 0.091525424 | AD6: 0.035310734 | AE6: 0 | AF6: FALSE
A7: jbda-ashiyatown-AshiyaTownBus | B7: 芦屋町 | C7: JP | D7: 67 | E7: 925 | F7: 4 | G7: 60 | H7: 60 | I7: 1 | J7: 1 | K7: not_declared | P7: 0 | R7: 0 | T7: 0 | U7: FALSE | V7: 5.4545455 | Y7: 0 | Z7: 25 | AA7: 0.021367521 | AB7: 2 | AC7: 0.076923077 | AD7: 0 | AE7: 0 | AF7: FALSE
A8: jbda-awajicity-awajinawahimebus | B8: 淡路市 | C8: JP | D8: 67 | E8: 3035 | F8: 12 | G8: 60 | H8: 60 | I8: 1 | J8: 1 | K8: not_declared | P8: 0 | R8: 0 | T8: 0 | U8: FALSE | Y8: 0 | Z8: 177 | AA8: 0 | AB8: 0 | AC8: 0 | AD8: 0 | AE8: 0 | AF8: FALSE
A9: jbda-buzencity-BuzenCityBus | B9: 豊前市 | C9: JP | D9: 63 | E9: 1886 | F9: 4 | G9: 60 | H9: 60 | I9: 1 | J9: 1 | K9: not_declared | P9: 0 | R9: 0 | T9: 0 | U9: FALSE | V9: 0 | Y9: 0 | Z9: 74 | AA9: 0 | AB9: 0 | AC9: 0 | AD9: 0 | AE9: 0 | AF9: FALSE
A10: jbda-chigasakicity-eboshigou | B10: 茅ヶ崎市 | C10: JP | D10: 61 | E10: 2023 | F10: 8 | G10: 60 | H10: 60 | I10: 1 | J10: 1 | K10: not_declared | P10: 0 | R10: 0 | T10: 0 | U10: FALSE | Y10: 0 | Z10: 72 | AA10: 0 | AB10: 0 | AC10: 0 | AD10: 0 | AE10: 0 | AF10: FALSE
A11: jbda-chikuma-bus-rosenbus | B11: 千曲バス株式会社 | C11: JP | D11: 99 | E11: 3979 | F11: 9 | G11: 60 | H11: 60 | I11: 1 | J11: 1 | K11: not_declared | P11: 0 | R11: 0 | T11: 0 | U11: FALSE | Y11: 0 | Z11: 155 | AA11: 0 | AB11: 0 | AC11: 0 | AD11: 0 | AE11: 0 | AF11: FALSE
A12: jbda-chikumacity-chikumajunkanbus | B12: 千曲市 | C12: JP | D12: 62 | E12: 1954 | F12: 8 | G12: 60 | H12: 60 | I12: 1 | J12: 1 | K12: not_declared | P12: 0 | R12: 0 | T12: 0 | U12: FALSE | Y12: 0 | Z12: 24 | AA12: 0 | AB12: 0 | AE12: 0 | AF12: FALSE
A13: jbda-chiryucity-communitybus | B13: 知立市 | C13: JP | D13: 50 | E13: 1381 | F13: 10 | G13: 60 | H13: 60 | I13: 1 | J13: 1 | K13: not_declared | P13: 0 | R13: 0 | T13: 0 | U13: FALSE | V13: 0 | Y13: 0 | Z13: 90 | AA13: 0.037677305 | AB13: 4.7222222 | AC13: 0 | AD13: 0 | AE13: 0 | AF13: FALSE
A14: jbda-chitabus-chitabus | B14: 知多乗合（知多バス） | C14: JP | D14: 258 | E14: 3841 | F14: 19 | G14: 60 | H14: 60 | I14: 1 | J14: 1 | K14: not_declared | P14: 0 | R14: 0 | T14: 0 | U14: FALSE | V14: 5.0847458 | Y14: 0 | Z14: 123 | AA14: 0.034737766 | AB14: 3.6771196 | AC14: 0.063768116 | AD14: 0.020833333 | AE14: 0 | AF14: FALSE
A15: jbda-chitetsu-chitetsubus | B15: 富山地方鉄道 | C15: JP | D15: 851 | E15: 18512 | F15: 26 | G15: 60 | H15: 60 | I15: 1 | J15: 1 | K15: not_declared | P15: 0 | R15: 0 | T15: 0 | U15: FALSE | Y15: 0 | Z15: 366 | AA15: 0.080285416 | AB15: 7.730323 | AC15: 0.056124608 | AD15: 0.034377053 | AE15: 0 | AF15: FALSE
A16: jbda-chukibus-chukibus | B16: 中紀バス | C16: JP | D16: 50 | E16: 713 | F16: 8 | G16: 60 | H16: 60 | I16: 1 | J16: 1 | K16: not_declared | P16: 0 | R16: 0 | T16: 0 | U16: FALSE | Y16: 0 | Z16: 1 | AA16: 0.11111111 | AB16: 10 | AC16: 0.11111111 | AE16: 0 | AF16: FALSE
A17: jbda-daishinto-Radiant-City | B17: 大新東株式会社 | C17: JP | D17: 208 | E17: 861 | F17: 5 | G17: 60 | H17: 60 | I17: 1 | J17: 1 | K17: not_declared | P17: 0 | R17: 0 | T17: 0 | U17: FALSE | V17: 7.5 | Y17: 0 | Z17: 4 | AA17: 0.076628352 | AB17: 10.344828 | AC17: 0.11111111 | AD17: 0 | AE17: 0 | AF17: FALSE
A18: jbda-enacity-communitybus | B18: 恵那市 | C18: JP | D18: 167 | E18: 3098 | F18: 8 | G18: 60 | H18: 60 | I18: 1 | J18: 1 | K18: not_declared | P18: 0 | R18: 0 | T18: 0 | U18: FALSE | Y18: 0 | Z18: 7 | AA18: 0.027777778 | AB18: 2.8571429 | AE18: 0 | AF18: FALSE
A19: jbda-fujiedacity-gtfsfjed | B19: 藤枝市 | C19: JP | D19: 95 | E19: 1675 | F19: 11 | G19: 60 | H19: 60 | I19: 1 | J19: 1 | K19: not_declared | P19: 0 | R19: 0 | T19: 0 | U19: FALSE | Y19: 0 | Z19: 24 | AA19: 0 | AB19: 0 | AC19: 0 | AE19: 0 | AF19: FALSE
A20: jbda-gifucity-communitybus | B20: 岐阜市 | C20: JP | D20: 196 | E20: 5636 | F20: 8 | G20: 60 | H20: 60 | I20: 1 | J20: 1 | K20: not_declared | P20: 0 | R20: 0 | T20: 0 | U20: FALSE | Y20: 0 | Z20: 46 | AA20: -0.019512195 | AB20: -1.7391304 | AD20: 0 | AE20: 0 | AF20: FALSE
A21: jbda-gujocity-citybus | B21: 郡上市 | C21: JP | D21: 69 | E21: 1558 | F21: 12 | G21: 60 | H21: 60 | I21: 1 | J21: 1 | K21: not_declared | P21: 0 | R21: 0 | T21: 0 | U21: FALSE | Y21: 0 | Z21: 2 | AA21: 0 | AB21: 0 | AE21: 0 | AF21: FALSE
A22: jbda-gunma-otacity-ootacitybus | B22: 太田市 | C22: JP | D22: 97 | E22: 1536 | F22: 11 | G22: 120 | H22: 60 | I22: 1 | J22: 1 | K22: not_declared | P22: 0 | R22: 0 | T22: 0 | U22: FALSE | Y22: 0 | Z22: 54 | AA22: 0.0060273973 | AB22: 0.81481481 | AC22: 0.01754386 | AE22: 0 | AF22: FALSE
A23: jbda-hachinohe-hachinohe-citybus | B23: 八戸市交通部 | C23: JP | D23: 778 | E23: 20360 | F23: 6 | G23: 60 | H23: 60 | I23: 1 | J23: 1 | K23: not_declared | P23: 0 | R23: 0 | T23: 0 | U23: FALSE | V23: 4.8794827 | Y23: 0 | Z23: 663 | AA23: 0.029426047 | AB23: 2.6854485 | AC23: 0.031696256 | AD23: 0.025978778 | AE23: 0 | AF23: FALSE
A24: jbda-hakubavalley-bus-hakubavalley-nagano-jp | B24: HAKUBAVALLEY事務局 | C24: JP | D24: 70 | E24: 535 | F24: 13 | G24: 420 | H24: 60 | I24: 1 | J24: 1 | K24: not_declared | P24: 0 | R24: 0 | T24: 0 | U24: FALSE | V24: 0 | Y24: 0 | Z24: 24 | AA24: 0 | AB24: 0 | AC24: 0 | AD24: 0 | AE24: 0 | AF24: FALSE
A25: jbda-hakusancity-hakusan_bus_meguru | B25: 白山市 | C25: JP | D25: 124 | E25: 2308 | F25: 15 | G25: 60 | H25: 60 | I25: 1 | J25: 1 | K25: not_declared | P25: 0 | R25: 0 | T25: 0 | U25: FALSE | Y25: 0 | Z25: 0 | AE25: 0 | AF25: FALSE
A26: jbda-hashimacity-HashimaCityCommunityBus | B26: 羽島市 | C26: JP | D26: 74 | E26: 1154 | F26: 6 | G26: 120 | H26: 60 | I26: 1 | J26: 1 | K26: not_declared | P26: 0 | R26: 0 | T26: 0 | U26: FALSE | V26: 0 | Y26: 0 | Z26: 20 | AA26: 0 | AB26: 0 | AC26: 0 | AD26: 0 | AE26: 0 | AF26: FALSE
A27: jbda-hidacity-communitybus | B27: 飛騨市 | C27: JP | D27: 89 | E27: 1813 | F27: 14 | G27: 120 | H27: 60 | I27: 1 | J27: 1 | K27: not_declared | P27: 0 | R27: 0 | T27: 0 | U27: FALSE | Y27: 0 | Z27: 8 | AA27: 0 | AB27: 0 | AE27: 0 | AF27: FALSE
A28: jbda-higashiomicity-higasiohmisicommunitybus | B28: 東近江市 | C28: JP | D28: 107 | E28: 2592 | F28: 10 | G28: 60 | H28: 60 | I28: 1 | J28: 1 | K28: not_declared | P28: 0 | R28: 0 | T28: 0 | U28: FALSE | Y28: 0 | Z28: 60 | AA28: 0 | AB28: 0 | AC28: 0 | AE28: 0 | AF28: FALSE
A29: jbda-higashiuratown-communitybus | B29: 東浦町 | C29: JP | D29: 75 | E29: 1448 | F29: 14 | G29: 60 | H29: 60 | I29: 1 | J29: 1 | K29: not_declared | P29: 0 | R29: 0 | T29: 0 | U29: FALSE | Y29: 0 | Z29: 50 | AA29: -0.0075 | AB29: -0.9 | AC29: 0 | AE29: 0 | AF29: FALSE
A30: jbda-himejicity-ieshima-boze-yukihiko | B30: 姫路市 | C30: JP | D30: 55 | E30: 785 | F30: 10 | G30: 60 | H30: 60 | I30: 1 | J30: 1 | K30: not_declared | P30: 0 | R30: 0 | T30: 0 | U30: FALSE | Y30: 0 | Z30: 10 | AA30: -0.057971014 | AB30: -8 | AE30: 0 | AF30: FALSE
A31: jbda-hiranaitown-hiranaitownbus | B31: 平内町 | C31: JP | D31: 51 | E31: 1236 | F31: 8 | G31: 60 | H31: 60 | I31: 1 | J31: 1 | K31: not_declared | P31: 0 | R31: 0 | T31: 0 | U31: FALSE | Y31: 0 | Z31: 0 | AE31: 0 | AF31: FALSE
A32: jbda-hirosakicity-hokusei-noriai | B32: 弘前市 | C32: JP | D32: 82 | E32: 977 | F32: 7 | G32: 60 | H32: 60 | I32: 1 | J32: 1 | K32: not_declared | P32: 0 | R32: 0 | T32: 0 | U32: FALSE | Y32: 0 | Z32: 0 | AE32: 0 | AF32: FALSE
A33: jbda-hisayamatown-HisayamaIkoBus | B33: 久山町 | C33: JP | D33: 86 | E33: 1668 | F33: 9 | G33: 60 | H33: 60 | I33: 1 | J33: 1 | K33: not_declared | P33: 0 | R33: 0 | T33: 0 | U33: FALSE | V33: 0 | Y33: 0 | Z33: 36 | AA33: -0.0027100271 | AB33: -0.27777778 | AC33: 0 | AD33: -0.002020202 | AE33: 0 | AF33: FALSE
A34: jbda-hokushin-bus-hokushinbus | B34: 北振バス株式会社 | C34: JP | D34: 73 | E34: 1787 | F34: 6 | G34: 60 | H34: 60 | I34: 1 | J34: 1 | K34: not_declared | P34: 0 | R34: 0 | T34: 0 | U34: FALSE | Y34: 0 | Z34: 0 | AE34: 0 | AF34: FALSE
A35: jbda-hyogo-kamikawatown-communitybus | B35: 神河町 | C35: JP | D35: 74 | E35: 1596 | F35: 7 | G35: 60 | H35: 60 | I35: 1 | J35: 1 | K35: not_declared | P35: 0 | R35: 0 | T35: 0 | U35: FALSE | Y35: 0 | Z35: 8 | AA35: -0.035714286 | AB35: -2.5 | AD35: -0.1 | AE35: 0 | AF35: FALSE
A36: jbda-hyogo-ono-ranranbus | B36: 小野市 | C36: JP | D36: 69 | E36: 1267 | F36: 7 | G36: 120 | H36: 60 | I36: 1 | J36: 1 | K36: not_declared | P36: 0 | R36: 0 | T36: 0 | U36: FALSE | V36: 0 | Y36: 0 | Z36: 0 | AE36: 0 | AF36: FALSE
A37: jbda-ibigawatown-communitybus | B37: 揖斐川町 | C37: JP | D37: 72 | E37: 961 | F37: 10 | G37: 60 | H37: 60 | I37: 1 | J37: 1 | K37: not_declared | P37: 0 | R37: 0 | T37: 0 | U37: FALSE | V37: 0 | Y37: 0 | Z37: 12 | AA37: 0 | AB37: 0 | AC37: 0 | AD37: 0 | AE37: 0 | AF37: FALSE
A38: jbda-ichinosekicity-Ichinosekibus | B38: 一関市 | C38: JP | D38: 153 | E38: 4211 | F38: 10 | G38: 60 | H38: 60 | I38: 1 | J38: 1 | K38: not_declared | P38: 0 | R38: 0 | T38: 0 | U38: FALSE | V38: 0 | Y38: 0 | Z38: 21 | AA38: 0 | AB38: 0 | AD38: 0 | AE38: 0 | AF38: FALSE
A39: jbda-igacity-communitybus | B39: 伊賀市 | C39: JP | D39: 100 | E39: 2469 | F39: 9 | G39: 60 | H39: 60 | I39: 1 | J39: 1 | K39: not_declared | P39: 0 | R39: 0 | T39: 0 | U39: FALSE | Y39: 0 | Z39: 0 | AE39: 0 | AF39: FALSE
A40: jbda-imizucity-imizushi | B40: 射水市 | C40: JP | D40: 66 | E40: 1628 | F40: 13 | G40: 60 | H40: 60 | I40: 1 | J40: 1 | K40: not_declared | P40: 0 | R40: 0 | T40: 0 | U40: FALSE | Y40: 0 | Z40: 34 | AA40: 0 | AB40: 0 | AE40: 0 | AF40: FALSE
A41: jbda-inabecity-fukushibus | B41: いなべ市 | C41: JP | D41: 115 | E41: 2524 | F41: 10 | G41: 60 | H41: 60 | I41: 1 | J41: 1 | K41: not_declared | P41: 0 | R41: 0 | T41: 0 | U41: FALSE | Y41: 0 | Z41: 0 | AE41: 0 | AF41: FALSE
A42: jbda-inzaicity-rosenbus | B42: 印西市 | C42: JP | D42: 75 | E42: 1266 | F42: 8 | G42: 120 | H42: 60 | I42: 1 | J42: 1 | K42: not_declared | P42: 0 | R42: 0 | T42: 0 | U42: FALSE | V42: 6.0416667 | Y42: 0 | Z42: 26 | AA42: 4.4338033e-05 | AB42: 0.0054945055 | AC42: 0.019553073 | AD42: -0.028651293 | AE42: 0 | AF42: FALSE
A43: jbda-isecity-communitybus | B43: 伊勢市 | C43: JP | D43: 50 | E43: 1732 | F43: 10 | G43: 120 | H43: 60 | I43: 1 | J43: 1 | K43: not_declared | P43: 0 | R43: 0 | T43: 0 | U43: FALSE | Y43: 0 | Z43: 21 | AA43: 0 | AB43: 0 | AE43: 0 | AF43: FALSE
A44: jbda-itoigawabus-itoigawabus | B44: 糸魚川バス株式会社 | C44: JP | D44: 146 | E44: 3926 | F44: 7 | G44: 60 | H44: 60 | I44: 1 | J44: 1 | K44: not_declared | P44: 0 | R44: 0 | T44: 0 | U44: FALSE | Y44: 0 | Z44: 50 | AA44: 0.033018868 | AB44: 2.1 | AE44: 0 | AF44: FALSE
A45: jbda-kaetsunou-kaetsunouippan | B45: 加越能バス | C45: JP | D45: 283 | E45: 7870 | F45: 14 | G45: 60 | H45: 60 | I45: 1 | J45: 1 | K45: not_declared | P45: 0 | R45: 0 | T45: 0 | U45: FALSE | Y45: 0 | Z45: 134 | AA45: 0.092420795 | AB45: 7.880597 | AC45: 0.080357143 | AD45: 0.047331319 | AE45: 0 | AF45: FALSE
A46: jbda-kagoshimacity-aibus | B46: 鹿児島市 | C46: JP | D46: 175 | E46: 6202 | F46: 10 | G46: 60 | H46: 60 | I46: 1 | J46: 1 | K46: not_declared | P46: 0 | R46: 0 | T46: 0 | U46: FALSE | Y46: 0 | Z46: 0 | AE46: 0 | AF46: FALSE
A47: jbda-kaizucity-communitybus | B47: 海津市 | C47: JP | D47: 90 | E47: 871 | F47: 10 | G47: 120 | H47: 60 | I47: 1 | J47: 1 | K47: not_declared | P47: 0 | R47: 0 | T47: 0 | U47: FALSE | Y47: 0 | Z47: 44 | AA47: 0 | AB47: 0 | AC47: 0 | AE47: 0 | AF47: FALSE
A48: jbda-kakogawacity-kakobuskakobusmini | B48: 加古川市 | C48: JP | D48: 284 | E48: 5351 | F48: 10 | G48: 60 | H48: 60 | I48: 1 | J48: 1 | K48: not_declared | P48: 0 | R48: 0 | T48: 0 | U48: FALSE | V48: 2.1818182 | Y48: 0 | Z48: 164 | AA48: 0.037739841 | AB48: 3.7031069 | AC48: 0.02248954 | AD48: 0.031746032 | AE48: 0 | AF48: FALSE
A49: jbda-kamacity-KamaCityBus | B49: 嘉麻市 | C49: JP | D49: 109 | E49: 3462 | F49: 6 | G49: 60 | H49: 60 | I49: 1 | J49: 1 | K49: not_declared | P49: 0 | R49: 0 | T49: 0 | U49: FALSE | Y49: 0 | Z49: 54 | AA49: 0.0038461538 | AB49: 0.27777778 | AC49: 0 | AE49: 0 | AF49: FALSE
A50: jbda-kameyamacity-communitybus | B50: 亀山市 | C50: JP | D50: 68 | E50: 1457 | F50: 5 | G50: 60 | H50: 60 | I50: 1 | J50: 1 | K50: not_declared | P50: 0 | R50: 0 | T50: 0 | U50: FALSE | Y50: 0 | Z50: 4 | AA50: 0 | AB50: 0 | AE50: 0 | AF50: FALSE
A51: jbda-kamicity-GTFS-Kamicity_Bus | B51: 香美市 | C51: JP | D51: 82 | E51: 1621 | F51: 7 | G51: 60 | H51: 60 | I51: 1 | J51: 1 | K51: not_declared | P51: 0 | R51: 0 | T51: 0 | U51: FALSE | Y51: 0 | Z51: 0 | AE51: 0 | AF51: FALSE
A52: jbda-kamigoritown-ainorigo | B52: 上郡町 | C52: JP | D52: 65 | E52: 830 | F52: 5 | G52: 60 | H52: 60 | I52: 1 | J52: 1 | K52: not_declared | P52: 0 | R52: 0 | T52: 0 | U52: FALSE | Y52: 0 | Z52: 0 | AE52: 0 | AF52: FALSE
A53: jbda-kamocity-kamonbus | B53: 加茂市 | C53: JP | D53: 50 | E53: 1315 | F53: 8 | G53: 60 | H53: 60 | I53: 1 | J53: 1 | K53: not_declared | P53: 0 | R53: 0 | T53: 0 | U53: FALSE | Y53: 0 | Z53: 61 | AA53: 0.0076628352 | AB53: 0.6557377 | AD53: 0 | AE53: 0 | AF53: FALSE
A54: jbda-kariyacity-communitybus | B54: 刈谷市 | C54: JP | D54: 146 | E54: 3282 | F54: 13 | G54: 120 | H54: 60 | I54: 1 | J54: 1 | K54: not_declared | P54: 0 | R54: 0 | T54: 0 | U54: FALSE | Y54: 0 | Z54: 144 | AA54: 0.15625 | AB54: 22.916667 | AC54: 0.055555556 | AE54: 0 | AF54: FALSE
A55: jbda-kasaicity-kasaineppihappybus | B55: 加西市 | C55: JP | D55: 64 | E55: 1188 | F55: 6 | G55: 60 | H55: 60 | I55: 1 | J55: 1 | K55: not_declared | P55: 0 | R55: 0 | T55: 0 | U55: FALSE | Y55: 0 | Z55: 21 | AA55: 0 | AB55: 0 | AE55: 0 | AF55: FALSE
A56: jbda-kasugacity-yayoi_kasuga | B56: 春日市 | C56: JP | D56: 84 | E56: 2205 | F56: 5 | G56: 60 | H56: 60 | I56: 1 | J56: 1 | K56: not_declared | P56: 0 | R56: 0 | T56: 0 | U56: FALSE | Y56: 0 | Z56: 0 | AE56: 0 | AF56: FALSE
A57: jbda-keisei-transitbus-keiseitransitbus | B57: 京成バス千葉ウエスト株式会社 | C57: JP | D57: 449 | E57: 7667 | F57: 9 | G57: 60 | H57: 60 | I57: 1 | J57: 1 | K57: not_declared | P57: 0 | R57: 0 | T57: 0 | U57: FALSE | Y57: 0 | Z57: 226 | AA57: 0 | AB57: 0 | AC57: 0 | AD57: 0 | AE57: 0 | AF57: FALSE
A58: jbda-kimitsucity-Local_buses_via_Kimitsu_City | B58: 君津市 | C58: JP | D58: 296 | E58: 5939 | F58: 16 | G58: 60 | H58: 60 | I58: 1 | J58: 1 | K58: not_declared | P58: 0 | R58: 0 | T58: 0 | U58: FALSE | Y58: 0 | Z58: 170 | AA58: 0.038882525 | AB58: 3.5941176 | AC58: 0 | AD58: 0 | AE58: 0 | AF58: FALSE
A59: jbda-kinokawacity-kinokawa_bus | B59: 紀の川市 | C59: JP | D59: 72 | E59: 2049 | F59: 12 | G59: 60 | H59: 60 | I59: 1 | J59: 1 | K59: not_declared | P59: 0 | R59: 0 | T59: 0 | U59: FALSE | Y59: 0 | Z59: 0 | AE59: 0 | AF59: FALSE
A60: jbda-kisokoikirengo-kiso-bus | B60: 木曽広域連合 | C60: JP | D60: 82 | E60: 2992 | F60: 6 | G60: 60 | H60: 60 | I60: 1 | J60: 1 | K60: not_declared | P60: 0 | R60: 0 | T60: 0 | U60: FALSE | Y60: 0 | Z60: 93 | AA60: 0 | AB60: 0 | AE60: 0 | AF60: FALSE
A61: jbda-kitaena-kitaena | B61: 北恵那交通 | C61: JP | D61: 182 | E61: 3787 | F61: 10 | G61: 60 | H61: 60 | I61: 1 | J61: 1 | K61: not_declared | P61: 0 | R61: 0 | T61: 0 | U61: FALSE | V61: 0 | Y61: 0 | Z61: 168 | AA61: 0 | AB61: 0 | AC61: 0 | AD61: 0 | AE61: 0 | AF61: FALSE
A62: jbda-kitakyushucity-edamitsu | B62: 北九州市 | C62: JP | D62: 56 | E62: 782 | F62: 3 | G62: 60 | H62: 60 | I62: 1 | J62: 1 | K62: not_declared | P62: 0 | R62: 0 | T62: 0 | U62: FALSE | Y62: 0 | Z62: 28 | AA62: 0 | AB62: 0 | AD62: 0 | AE62: 0 | AF62: FALSE
A63: jbda-kitanagoyacity-communitybus | B63: 北名古屋市 | C63: JP | D63: 67 | E63: 942 | F63: 6 | G63: 180 | H63: 60 | I63: 1 | J63: 1 | K63: not_declared | P63: 0 | R63: 0 | T63: 0 | U63: FALSE | Y63: 0 | Z63: 0 | AE63: 0 | AF63: FALSE
A64: jbda-kitashitara-odekakehokusetsu | B64: 北設楽郡公共交通活性化協議会 | C64: JP | D64: 103 | E64: 1911 | F64: 12 | G64: 60 | H64: 60 | I64: 1 | J64: 1 | K64: not_declared | P64: 0 | R64: 0 | T64: 0 | U64: FALSE | V64: 0 | Y64: 0 | Z64: 0 | AE64: 0 | AF64: FALSE
A65: jbda-kobecity-kobe-shiokaze | B65: 神戸市 | C65: JP | D65: 109 | E65: 1352 | F65: 10 | G65: 120 | H65: 60 | I65: 1 | J65: 1 | K65: not_declared | P65: 0 | R65: 0 | T65: 0 | U65: FALSE | Y65: 0 | Z65: 34 | AA65: 0 | AB65: 0 | AD65: 0 | AE65: 0 | AF65: FALSE
A66: jbda-kochi-ekimae-kanko-GTFS-Ekimae_Airportbus | B66: 株式会社高知駅前観光 | C66: JP | D66: 51 | E66: 408 | F66: 11 | G66: 60 | H66: 60 | I66: 1 | J66: 1 | K66: not_declared | P66: 0 | R66: 0 | T66: 0 | U66: FALSE | V66: 5 | Y66: 0 | Z66: 16 | AA66: 0.017481248 | AB66: 4.3005952 | AC66: 0.097560976 | AD66: 0.06626506 | AE66: 0 | AF66: FALSE
A67: jbda-kochi-konancity-GTFS-Konancity_Bus | B67: 香南市 | C67: JP | D67: 91 | E67: 1537 | F67: 4 | G67: 60 | H67: 60 | I67: 1 | J67: 1 | K67: not_declared | P67: 0 | R67: 0 | T67: 0 | U67: FALSE | Y67: 0 | Z67: 32 | AA67: 0 | AB67: 0 | AC67: 0 | AE67: 0 | AF67: FALSE
A68: jbda-kochi-koryo-kotsu-GTFS-Koryotraffic_Localbus | B68: 高知高陵交通株式会社 | C68: JP | D68: 67 | E68: 2684 | F68: 7 | G68: 60 | H68: 60 | I68: 1 | J68: 1 | K68: not_declared | P68: 0 | R68: 0 | T68: 0 | U68: FALSE | Y68: 0 | Z68: 0 | AE68: 0 | AF68: FALSE
A69: jbda-kochi-seinan-kotsu-GTFS-Seinantraffic_Localbus | B69: 高知西南交通株式会社 | C69: JP | D69: 156 | E69: 5765 | F69: 7 | G69: 60 | H69: 60 | I69: 1 | J69: 1 | K69: not_declared | P69: 0 | R69: 0 | T69: 0 | U69: FALSE | Y69: 0 | Z69: 75 | AA69: 0 | AB69: 0 | AE69: 0 | AF69: FALSE
A70: jbda-kochi-tobu-kotsu-GTFS-Tobutraffic_Localbus | B70: 高知東部交通株式会社 | C70: JP | D70: 81 | E70: 4779 | F70: 12 | G70: 60 | H70: 60 | I70: 1 | J70: 1 | K70: not_declared | P70: 0 | R70: 0 | T70: 0 | U70: FALSE | V70: 1.5384615 | Y70: 0 | Z70: 202 | AA70: 0.0065122176 | AB70: 0.55940594 | AC70: 0.0012674271 | AD70: -0.013303769 | AE70: 0 | AF70: FALSE
A71: jbda-kokacity-sinaicommunitybus | B71: 甲賀市 | C71: JP | D71: 227 | E71: 4891 | F71: 16 | G71: 60 | H71: 60 | I71: 1 | J71: 1 | K71: not_declared | P71: 0 | R71: 0 | T71: 0 | U71: FALSE | V71: 2.8421053 | Y71: 0 | Z71: 149 | AA71: -0.0012067841 | AB71: -0.10642378 | AC71: 0.023157895 | AD71: -0.058436214 | AE71: 0 | AF71: FALSE
A72: jbda-kotosan-kotohira-local | B72: 琴参バス株式会社 | C72: JP | D72: 50 | E72: 1283 | F72: 5 | G72: 60 | H72: 60 | I72: 1 | J72: 1 | K72: not_declared | P72: 0 | R72: 0 | T72: 0 | U72: FALSE | V72: 0 | Y72: 0 | Z72: 0 | AE72: 0 | AF72: FALSE
A73: jbda-kotosan-marugame-community | B73: 琴参バス株式会社 | C73: JP | D73: 62 | E73: 2633 | F73: 7 | G73: 60 | H73: 60 | I73: 1 | J73: 1 | K73: not_declared | P73: 0 | R73: 0 | T73: 0 | U73: FALSE | Y73: 0 | Z73: 20 | AA73: 0 | AB73: 0 | AC73: 0 | AD73: 0 | AE73: 0 | AF73: FALSE
A74: jbda-kuma-bus-kuma-bus | B74: 熊本バス | C74: JP | D74: 337 | E74: 10704 | F74: 10 | G74: 60 | H74: 60 | I74: 1 | J74: 1 | K74: not_declared | P74: 0 | R74: 0 | T74: 0 | U74: FALSE | Y74: 0 | Z74: 133 | AA74: 0.080890538 | AB74: 7.0247046 | AC74: 0 | AD74: 0.052631579 | AE74: 0 | AF74: FALSE
A75: jbda-kumamoto-toshibus-kumamoto-toshibus | B75: 熊本都市バス | C75: JP | D75: 1073 | E75: 23031 | F75: 10 | G75: 60 | H75: 60 | I75: 1 | J75: 1 | K75: not_declared | P75: 0 | R75: 0 | T75: 0 | U75: FALSE | Y75: 0 | Z75: 639 | AA75: 0.085522103 | AB75: 9.1384182 | AC75: 0.11770531 | AD75: 0.0671993 | AE75: 0 | AF75: FALSE
A76: jbda-kumamotodentetsu-kumamotodentetsu-bus | B76: 熊本電鉄 | C76: JP | D76: 483 | E76: 14775 | F76: 15 | G76: 60 | H76: 60 | I76: 1 | J76: 1 | K76: not_declared | P76: 0 | R76: 0 | T76: 0 | U76: FALSE | Y76: 0 | Z76: 274 | AA76: 0.12666411 | AB76: 12.565172 | AC76: 0.19223313 | AD76: 0.096867685 | AE76: 0 | AF76: FALSE
A77: jbda-kumanogobobus-kumanogobobus_gobo | B77: 熊野御坊南海バス株式会社 | C77: JP | D77: 80 | E77: 2193 | F77: 5 | G77: 60 | H77: 60 | I77: 1 | J77: 1 | K77: not_declared | P77: 0 | R77: 0 | T77: 0 | U77: FALSE | Y77: 0 | Z77: 46 | AA77: 0 | AB77: 0 | AC77: 0 | AE77: 0 | AF77: FALSE
A78: jbda-kumanogobobus-kumanogobobus_kumano | B78: 熊野御坊南海バス株式会社 | C78: JP | D78: 153 | E78: 4135 | F78: 12 | G78: 60 | H78: 60 | I78: 1 | J78: 1 | K78: not_declared | P78: 0 | R78: 0 | T78: 0 | U78: FALSE | V78: 0 | Y78: 0 | Z78: 80 | AA78: 0 | AB78: 0 | AC78: 0 | AD78: 0 | AE78: 0 | AF78: FALSE
A79: jbda-kurobecity-shinkansenikuji-ishida-aimoto-minibus | B79: 黒部市 | C79: JP | D79: 51 | E79: 901 | F79: 9 | G79: 120 | H79: 60 | I79: 1 | J79: 1 | K79: not_declared | P79: 0 | R79: 0 | T79: 0 | U79: FALSE | V79: 21.25 | Y79: 0 | Z79: 34 | AA79: 0.056088435 | AB79: 6.9285714 | AC79: 0.19270833 | AD79: 0.066666667 | AE79: 0 | AF79: FALSE
A80: jbda-kusakarukotsu-kusakarubus | B80: 草軽交通株式会社 | C80: JP | D80: 50 | E80: 1108 | F80: 14 | G80: 60 | H80: 60 | I80: 1 | J80: 1 | K80: not_declared | P80: 0 | R80: 0 | T80: 0 | U80: FALSE | Y80: 0 | Z80: 0 | AE80: 0 | AF80: FALSE
A81: jbda-kusatsucity-kusatsusimamebus | B81: 草津市 | C81: JP | D81: 55 | E81: 1568 | F81: 8 | G81: 60 | H81: 60 | I81: 1 | J81: 1 | K81: not_declared | P81: 0 | R81: 0 | T81: 0 | U81: FALSE | Y81: 0 | Z81: 57 | AA81: -0.0075 | AB81: -0.63157895 | AC81: -0.055555556 | AE81: 0 | AF81: FALSE
A82: jbda-kuwanacity-communitybus | B82: 桑名市 | C82: JP | D82: 54 | E82: 1520 | F82: 14 | G82: 60 | H82: 60 | I82: 1 | J82: 1 | K82: not_declared | P82: 0 | R82: 0 | T82: 0 | U82: FALSE | Y82: 0 | Z82: 0 | AE82: 0 | AF82: FALSE
A83: jbda-matsumotocity-guruttomatsumotobus2 | B83: 松本市 | C83: JP | D83: 257 | E83: 4973 | F83: 10 | G83: 60 | H83: 60 | I83: 1 | J83: 1 | K83: not_declared | P83: 0 | R83: 0 | T83: 0 | U83: FALSE | Y83: 0 | Z83: 83 | AA83: 0.0051020408 | AB83: 0.54216867 | AC83: 0 | AD83: 0 | AE83: 0 | AF83: FALSE
A84: jbda-matsusakacity-communitybus | B84: 松阪市 | C84: JP | D84: 91 | E84: 1943 | F84: 11 | G84: 120 | H84: 60 | I84: 1 | J84: 1 | K84: not_declared | P84: 0 | R84: 0 | T84: 0 | U84: FALSE | Y84: 0 | Z84: 22 | AA84: -0.0085470085 | AB84: -0.90909091 | AE84: 0 | AF84: FALSE
A85: jbda-meikobus-meikobus | B85: 明光バス株式会社 | C85: JP | D85: 156 | E85: 4539 | F85: 16 | G85: 60 | H85: 60 | I85: 1 | J85: 1 | K85: not_declared | P85: 0 | R85: 0 | T85: 0 | U85: FALSE | V85: 1.6666667 | Y85: 0 | Z85: 75 | AA85: -0.0070921986 | AB85: -0.53333333 | AC85: -0.014336918 | AD85: 0 | AE85: 0 | AF85: FALSE
A86: jbda-mie-kotsu-sancochusei | B86: 三重交通 | C86: JP | D86: 776 | E86: 18076 | F86: 13 | G86: 60 | H86: 60 | I86: 1 | J86: 1 | K86: not_declared | P86: 0 | R86: 0 | T86: 0 | U86: FALSE | V86: 8.5714286 | Y86: 0 | Z86: 230 | AA86: 0.076460766 | AB86: 6.9163749 | AC86: 0.17958869 | AD86: 0.14027778 | AE86: 0 | AF86: FALSE
A87: jbda-minamiawajicity-lanrunbus | B87: 南あわじ市 | C87: JP | D87: 87 | E87: 2600 | F87: 13 | G87: 60 | H87: 60 | I87: 1 | J87: 1 | K87: not_declared | P87: 0 | R87: 0 | T87: 0 | U87: FALSE | Y87: 0 | Z87: 45 | AA87: 0 | AB87: 0 | AD87: 0 | AE87: 0 | AF87: FALSE
A88: jbda-minamiisetown-choeibus | B88: 南伊勢町 | C88: JP | D88: 117 | E88: 2101 | F88: 11 | G88: 60 | H88: 60 | I88: 1 | J88: 1 | K88: not_declared | P88: 0 | R88: 0 | T88: 0 | U88: FALSE | Y88: 0 | Z88: 20 | AA88: 0.057446809 | AB88: 8.1 | AC88: 0.28571429 | AD88: 0 | AE88: 0 | AF88: FALSE
A89: jbda-minamishinshu-Minamishinshu-Shinnan-1 | B89: 南信州地域交通問題協議会（南信州広域連合） | C89: JP | D89: 54 | E89: 1871 | F89: 7 | G89: 60 | H89: 60 | I89: 1 | J89: 1 | K89: not_declared | P89: 0 | R89: 0 | T89: 0 | U89: FALSE | V89: 0 | Y89: 0 | Z89: 9 | AA89: 0 | AB89: 0 | AC89: 0 | AD89: 0 | AE89: 0 | AF89: FALSE
A90: jbda-minokamocity-communitybus | B90: 美濃加茂市 | C90: JP | D90: 104 | E90: 2584 | F90: 10 | G90: 60 | H90: 60 | I90: 1 | J90: 1 | K90: not_declared | P90: 0 | R90: 0 | T90: 0 | U90: FALSE | Y90: 0 | Z90: 28 | AA90: 0.080952381 | AB90: 6.0714286 | AE90: 0 | AF90: FALSE
A91: jbda-mitoyocity-mitoyocommunitybus | B91: 三豊市 | C91: JP | D91: 150 | E91: 4504 | F91: 7 | G91: 60 | H91: 60 | I91: 1 | J91: 1 | K91: not_declared | P91: 0 | R91: 0 | T91: 0 | U91: FALSE | V91: 0 | Y91: 0 | Z91: 43 | AA91: 0.0082840237 | AB91: 0.65116279 | AC91: 0.024390244 | AD91: 0 | AE91: 0 | AF91: FALSE
A92: jbda-munakatacity-MunakataCityCommunityBus | B92: 宗像市 | C92: JP | D92: 69 | E92: 1190 | F92: 9 | G92: 120 | H92: 60 | I92: 1 | J92: 1 | K92: not_declared | P92: 0 | R92: 0 | T92: 0 | U92: FALSE | Y92: 0 | Z92: 0 | AE92: 0 | AF92: FALSE
A93: jbda-murakamicity-murakamisicommunitybus | B93: 村上市 | C93: JP | D93: 97 | E93: 2771 | F93: 8 | G93: 60 | H93: 60 | I93: 1 | J93: 1 | K93: not_declared | P93: 0 | R93: 0 | T93: 0 | U93: FALSE | V93: 0 | Y93: 0 | Z93: 54 | AA93: 0.00082278481 | AB93: 0.068783069 | AC93: 0.037037037 | AD93: 0 | AE93: 0 | AF93: FALSE
A94: jbda-nabaricity-communitybus | B94: 名張市 | C94: JP | D94: 54 | E94: 876 | F94: 9 | G94: 60 | H94: 60 | I94: 1 | J94: 1 | K94: not_declared | P94: 0 | R94: 0 | T94: 0 | U94: FALSE | Y94: 0 | Z94: 0 | AE94: 0 | AF94: FALSE
A95: jbda-nagadenbus-nagadenbus-nagano | B95: 長電バス株式会社 | C95: JP | D95: 366 | E95: 7989 | F95: 18 | G95: 60 | H95: 60 | I95: 1 | J95: 1 | K95: not_declared | P95: 0 | R95: 0 | T95: 0 | U95: FALSE | V95: 7.2898551 | Y95: 0 | Z95: 214 | AA95: 0.073622207 | AB95: 7.7665777 | AC95: 0.10768654 | AD95: 0.032125284 | AE95: 0 | AF95: FALSE
A96: jbda-nagai-unyu-Nagaibus | B96: 永井運輸株式会社 | C96: JP | D96: 224 | E96: 5457 | F96: 13 | G96: 60 | H96: 60 | I96: 1 | J96: 1 | K96: not_declared | P96: 0 | R96: 0 | T96: 0 | U96: FALSE | V96: 0 | Y96: 0 | Z96: 183 | AA96: 0.072742475 | AB96: 7.1311475 | AD96: 0.16049383 | AE96: 0 | AF96: FALSE
A97: jbda-nagaicity-NagaiCity | B97: 長井市 | C97: JP | D97: 54 | E97: 1439 | F97: 7 | G97: 60 | H97: 60 | I97: 1 | J97: 1 | K97: not_declared | P97: 0 | R97: 0 | T97: 0 | U97: FALSE | Y97: 0 | Z97: 0 | AE97: 0 | AF97: FALSE
A98: jbda-nagano-ikedatown-IkedaTownBus | B98: 池田町 | C98: JP | D98: 59 | E98: 1225 | F98: 4 | G98: 60 | H98: 60 | I98: 1 | J98: 1 | K98: not_declared | P98: 0 | R98: 0 | T98: 0 | U98: FALSE | Y98: 0 | Z98: 0 | AE98: 0 | AF98: FALSE
A99: jbda-naganocity-shiei_noriaibus | B99: 長野市 | C99: JP | D99: 251 | E99: 6283 | F99: 11 | G99: 60 | H99: 60 | I99: 1 | J99: 1 | K99: not_declared | P99: 0 | R99: 0 | T99: 0 | U99: FALSE | Y99: 0 | Z99: 105 | AA99: 0.068965517 | AB99: 6.0952381 | AD99: 0.18518519 | AE99: 0 | AF99: FALSE
A100: jbda-nagareyamacity-nagareyamagreenbus | B100: 流山市 | C100: JP | D100: 197 | E100: 2998 | F100: 11 | G100: 60 | H100: 60 | I100: 1 | J100: 1 | K100: not_declared | P100: 0 | R100: 0 | T100: 0 | U100: FALSE | V100: 0 | Y100: 0 | Z100: 112 | AA100: -0.017728797 | AB100: -1.9821429 | AC100: -0.017728797 | AD100: 0 | AE100: 0 | AF100: FALSE
...
